,Bib,Name,Tier,Club,Run1,Run2,Best Time,Points
96,120,Hannah Kilmer Choi,13,Will Carter,40.37,39.19,39.19,8.0
98,122,Kevin Kilmer Choi,13,Adam Grossman,42.74,9999.0,42.74,7.0
99,123,Bernard Oegema,13,Don French ,42.98,43.59,42.98,6.0
93,116,Melanie Leistner Lavoie,13,Mike McTaggart,43.97,44.28,43.97,5.0
12,,,13,Joanna Perreault,,,,4.5
10,119,Jenna Livingston,13,Stephanie Coward,45.51,44.81,44.81,4.0
11,121,Graham Ramshaw,13,Graham Ramshaw ,44.85,50.82,44.85,3.0
94,117,Kyla Taylor,13,Mitch Perreault,9998.0,58.04,58.04,2.0
11,109,Mackenzie Hamilton,12,Joanna Perreault,43.18,43.12,43.12,8.0
91,114,Sacha Fiand,12,Mitch Perreault,43.99,45.19,43.99,7.0
88,110,Robert Milthorpe,12,Don French ,45.51,47.54,45.51,6.0
10,111,Sheri Ramshaw,12,Graham Ramshaw ,50.38,49.19,49.19,5.0
12,,,12,Stephanie Coward,,,,4.5
90,112,Darcy McDonald,12,Adam Grossman,9999.0,50.12,50.12,4.0
92,115,Linda Leistner,12,Will Carter,54.74,9999.0,54.74,3.0
86,108,Daniel Simmons Stubbs,12,Mike McTaggart,9999.0,9999.0,9999.0,0.0
79,101,Joel Farber,11,Will Carter,39.23,38.54,38.54,8.0
85,107,Terence Woodside,11,Mike McTaggart,45.83,45.72,45.72,7.0
9,103,Mark Sandell,11,Graham Ramshaw ,48.53,9999.0,48.53,6.0
10,102,Sarah Ledwidge,11,Joanna Perreault,49.42,53.88,49.42,5.0
11,,,11,Stephanie Coward,,,,4.5
82,104,Steve Crawford,11,Don French ,50.92,50.86,50.86,4.0
84,106,Dena Silverberg,11,Adam Grossman,52.96,53.44,52.96,3.0
83,105,Elaine Kilmer Choi,11,Mitch Perreault,54.33,9999.0,54.33,2.0
75,78,Mike McTaggart,10,Mike McTaggart,23.62,23.69,23.62,8.0
72,75,Nicholas Balan,10,Don French ,23.89,23.82,23.82,7.0
74,77,Brandon Hune,10,Mitch Perreault,24.38,24.09,24.09,6.0
9,79,Thomas Daly,10,Joanna Perreault,24.09,9998.0,24.09,5.0
77,80,Will Stewart,10,Adam Grossman,24.19,24.11,24.11,4.0
8,74,Graham Ramshaw,10,Graham Ramshaw ,24.34,24.54,24.34,3.0
9,81,Laura Coward,10,Stephanie Coward,25.36,25.4,25.36,2.0
73,76,Mclean Wood,10,Will Carter,9999.0,9999.0,9999.0,0.0
66,69,William Cartar,9,Will Carter,24.27,23.98,23.98,8.0
8,73,Stephanie Coward,9,Stephanie Coward,24.61,24.81,24.61,7.0
7,67,Jason Park,9,Graham Ramshaw ,25.55,9999.0,25.55,6.0
69,72,Kenneth Stoneham,9,Mike McTaggart,25.89,26.16,25.89,5.0
8,68,Peter Moorhead,9,Joanna Perreault,26.36,26.18,26.18,4.0
67,70,Shane Hambly,9,Mitch Perreault,26.92,27.13,26.92,3.0
68,71,Neil Hubley,9,Don French ,9999.0,9999.0,9999.0,0.0
63,66,Jeff Cox,9,Adam Grossman,9999.0,9999.0,9999.0,0.0
7,58,Robert Smejkal,8,Joanna Perreault,26.23,25.77,25.77,8.0
61,63,Brook Hamilton,8,Adam Grossman,26.43,25.96,25.96,7.0
57,59,Sean Cotnam,8,Will Carter,26.09,25.98,25.98,6.0
58,60,Robert Hawtin,8,Mike McTaggart,26.4,26.25,26.25,5.0
59,61,Brad Brock,8,Don French ,26.56,26.48,26.48,4.0
55,57,Vaylen Petrella,8,Mitch Perreault,26.84,26.78,26.78,3.0
7,62,John Glover,8,Stephanie Coward,27.93,27.86,27.86,2.0
6,64,David Garber ,8,Graham Ramshaw ,9999.0,9999.0,9999.0,0.0
50,52,Don French,7,Don French ,26.46,27.6,26.46,8.0
6,55,Mark Laurie,7,Stephanie Coward,26.49,26.81,26.49,7.0
51,53,Gillian Cartar,7,Mike McTaggart,27.26,27.36,27.26,6.0
5,49,Melanie Leistner Lavoie,7,Graham Ramshaw ,27.52,28.11,27.52,5.0
49,51,Kevin Beattie,7,Mitch Perreault,28.2,27.65,27.65,4.0
52,54,Peter Daly,7,Will Carter,28.11,28.55,28.11,3.0
6,56,Joanna Perreault,7,Joanna Perreault,9999.0,9999.0,9999.0,0.0
48,50,Adam Grossman,7,Adam Grossman,9999.0,9999.0,9999.0,0.0
40,42,Rob Reid,6,Mike McTaggart,27.62,26.95,26.95,8.0
44,46,Craig Pitman,6,Adam Grossman,27.04,26.97,26.97,7.0
45,47,Kevin Kilmer Choi,6,Will Carter,28.23,27.02,27.02,6.0
5,48,Hugh McCormick,6,Stephanie Coward,28.0,27.53,27.53,5.0
4,43,Laura Libby,6,Graham Ramshaw ,28.43,27.84,27.84,4.0
42,44,Todd Robertson,6,Don French ,29.4,9998.0,29.4,3.0
39,41,Linda Leistner,6,Mitch Perreault,30.82,30.52,30.52,2.0
5,45,Chris Reid,6,Joanna Perreault,9999.0,9999.0,9999.0,0.0
33,35,Jamie Haggart,5,Will Carter,25.71,25.69,25.69,8.0
35,37,David Eva,5,Don French ,27.98,27.73,27.73,7.0
38,40,Earl Duffy,5,Adam Grossman,29.16,9998.0,29.16,6.0
34,36,Lisa Bugler,5,Mike McTaggart,29.63,29.34,29.34,5.0
36,38,Sheri Ramshaw,5,Mitch Perreault,29.44,30.47,29.44,4.0
4,39,Stephen Lewis,5,Joanna Perreault,29.8,29.52,29.52,3.0
4,34,Jocelyn French,5,Stephanie Coward,30.55,32.22,30.55,2.0
3,33,Tori Abbott,5,Graham Ramshaw ,32.37,31.86,31.86,1.0
3,29,Josh Erlick,4,Joanna Perreault,27.77,27.59,27.59,8.0
23,25,Kevin McLoughlin,4,Don French ,28.92,28.56,28.56,7.0
26,28,Tushar Mehta,4,Will Carter,29.34,28.96,28.96,6.0
2,27,Steven Bollinger,4,Graham Ramshaw ,29.51,29.99,29.51,5.0
28,30,Mitch Perreault,4,Mitch Perreault,29.59,29.82,29.59,4.0
30,32,Joseph Bellissimo,4,Mike McTaggart,29.71,30.19,29.71,3.0
3,31,Tony Petrella,4,Stephanie Coward,32.05,32.43,32.05,2.0
24,26,Leonard Drimmer,4,Adam Grossman,9999.0,9999.0,9999.0,0.0
17,19,Nicholas Argiros,3,Mike McTaggart,28.64,28.59,28.59,8.0
22,24,Audun Bredur,3,Will Carter,28.68,29.69,28.68,7.0
16,18,Gil Nayot,3,Don French ,29.06,29.49,29.06,6.0
2,17,Mark Sandell,3,Stephanie Coward,30.89,31.72,30.89,5.0
1,20,Rachel Megitt,3,Graham Ramshaw ,32.69,32.91,32.69,4.0
2,23,Troy Harrison,3,Joanna Perreault,9998.0,33.76,33.76,3.0
19,21,Erica Reid,3,Adam Grossman,36.72,36.19,36.19,2.0
20,22,Richard Fridman,3,Mitch Perreault,9999.0,9999.0,9999.0,0.0
8,10,Brent Norrey,2,Mike McTaggart,29.93,9999.0,29.93,8.0
14,16,Zefu Dai,2,Adam Grossman,30.18,30.92,30.18,7.0
11,13,Kevin Brown,2,Mitch Perreault,31.36,9999.0,31.36,6.0
1,15,Peter Livingston,2,Joanna Perreault,31.85,32.9,31.85,5.0
7,9,Bernard Oegema,2,Don French ,33.61,9999.0,33.61,4.0
9,11,Sarah Lalonde,2,Will Carter,34.59,35.17,34.59,3.0
1,14,Alex Henry,2,Stephanie Coward,34.64,36.52,34.64,2.0
0,12,Shanna Reid,2,Graham Ramshaw ,36.38,9999.0,36.38,1.0
3,5,David Rosenblatt,1,Mike McTaggart,29.13,28.4,28.4,8.0
0,7,Eric Rosen,1,Joanna Perreault,30.23,31.02,30.23,7.0
1,2,Maurice Cacho,1,Will Carter,31.35,30.41,30.41,6.0
0,4,Justin Rosenberg,1,Stephanie Coward,31.8,31.42,31.42,5.0
12,,,1,Graham Ramshaw ,,,,4.5
6,8,Jonathan Ambeault,1,Adam Grossman,32.57,31.69,31.69,4.0
4,6,Adam Szakacs,1,Don French ,34.23,34.11,34.11,3.0
0,1,Jennifer Hsiung,1,Mitch Perreault,39.63,35.94,35.94,2.0
